Durata anni,Anno nascita,Reddito,Tipo tasso,Valore immobile,Importo mutuo,Banca,Prodotto,Gestione,Rata,Taeg,Tasso,Dettagli tasso,Perizia,Istruttoria
30,1998,1500,Variabile,140000,100000,BANCA MONTE DEI PASCHI DI SIENA,MUTUO MPS MIO ACQUISTO ABITAZIONE,In filiale,524,5.15,4.8,"Euribor + 1,30%",300,600
30,1998,1500,Variabile,140000,100000,BANCA POPOLARE PUGLIESE,PRONTOMUTUO CONSAP UNDER 36,In filiale,517,4.93,4.68,"Euribor 3M + 1,15%",290,1100
30,1998,1500,Variabile,140000,100000,BANCO BPM,MUTUO YOU GIOVANI GREEN - FONDO GARANZIA PRIMA CASA,In filiale,505,4.66,4.47,"Euribor 1M + 1,15%",320,0
30,1998,1500,Variabile,140000,100000,BANCO DI DESIO E DELLA BRIANZA,MUTUO TASSO VARIABILE ON LINE,In filiale,534,5.28,4.96,"Euribor 1M + 1,50%",231,800
30,1998,1500,Variabile,140000,100000,BCC MILANO,MUTUO CASAPIUâ€™ UNDER 36,In filiale,494,4.57,4.3,"Euribor 3M + 1,40%",350,500
30,1998,1500,Variabile,140000,100000,BNL - GRUPPO BNP PARIBAS,MUTUO VARIABILE,In filiale,537,5.3,5.01,"Euribor 1M + 1,80%",300,1000
30,1998,1500,Variabile,140000,100000,BPER BANCA,BPER MUTUO GIOVANI UNDER 36 CON FONDO DI GARANZIA CONSAP VARIABILE VANTAGGIO OPZIONE,In filiale,503,4.68,4.45,"Euribor 3M + 0,85%",280,390
30,1998,1500,Variabile,140000,100000,CREDEM,MUTUO CON GARANZIA PRIMA CASA VARIABILE,In filiale,507,4.84,4.52,"Euribor 1M + 1,15%",280,600
30,1998,1500,Variabile,140000,100000,DEUTSCHE BANK,MUTUO PRATICO A TASSO VARIABILE,In filiale,538,5.29,5.03,"Euribor 3M + 1,45%",390,950
30,1998,1500,Variabile,140000,100000,EXTRABANCA,EXTRAMUTUO PRIMA CASA,In filiale,683,7.83,7.27,"Euribor + 3,50%",275,1000
30,1998,1500,Variabile,140000,100000,ING,MUTUO ARANCIO A TASSO VARIABILE,Online,494,4.6,4.38,"Euribor 3M + 0,75%",300,950
30,1998,1500,Variabile,140000,100000,INTESA SANPAOLO,MUTUOUP,In filiale,530,5.25,4.9,"Euribor 1M + 1,45%",320,1050
30,1998,1500,Variabile,140000,100000,UNICREDIT,MUTUO UNICREDIT TASSO VARIABILE,In filiale,538,5.39,5.03,"Euribor + 1,26%",250,1000
30,1998,1500,Variabile,140000,100000,WEBANK,MUTUO VARIABILE GREEN - ACQUISTO,Online,523,4.94,4.78,"Euribor 1M + 1,45%",0,500
